[
    {
        "id":1,
        "pname":"春节报道",
        "remark":"本作品已经规划完毕，前三页已经开发完毕，后两页需要继续进行开发",
        "create_time":"2015-08-10 07:00:01",
        "create_user":"张三"
    },
    {
        "id":2,
        "pname":"元宵节",
        "remark":"本作品已经规划完毕，前三页已经开发完毕，后两页需要继续进行开发",
        "create_time":"2015-08-10 06:00:01",
        "create_user":"张三"
    },
    {
        "id":3,
        "pname":"端午节",
        "remark":"本作品已经规划完毕，前三页已经开发完毕，后两页需要继续进行开发",
        "create_time":"2015-08-10 05:00:01",
        "create_user":"张三"
    },
    {
        "id":4,
        "pname":"中秋节",
        "remark":"本作品已经规划完毕，前三页已经开发完毕，后两页需要继续进行开发",
        "create_time":"2015-08-10 04:11:01",
        "create_user":"张三"
    },
    {
        "id":5,
        "pname":"重阳",
        "remark":"本作品已经规划完毕，前三页已经开发完毕，后两页需要继续进行开发",
        "create_time":"2015-08-10 04:00:01",
        "create_user":"张三"
    },
    {
        "id":6,
        "pname":"元旦",
        "remark":"本作品已经规划完毕，前三页已经开发完毕，后两页需要继续进行开发",
        "create_time":"2015-08-10 03:00:01",
        "create_user":"张三"
    }
]